,video_id,video_url,youtube_url,duration_seconds,annotations,seconds_annotated,cutting,tying,suturing,quality,severe_jumps,style
0,BWGNKectNVA,https://marvl-surgery.s3.amazonaws.com/videos/BWGNKectNVA.mp4,https://www.youtube.com/watch?v=BWGNKectNVA,592.0,13,241,2,0,11,good,no,non_overhead
1,TZ9IgsIMRW4,https://marvl-surgery.s3.amazonaws.com/videos/TZ9IgsIMRW4.mp4,https://www.youtube.com/watch?v=TZ9IgsIMRW4,306.0,6,129,4,1,1,bad,no,non_overhead
2,1yd_OrU2apY,https://marvl-surgery.s3.amazonaws.com/videos/1yd_OrU2apY.mp4,https://www.youtube.com/watch?v=1yd_OrU2apY,1173.0,30,605,18,6,6,okay,yes,non_overhead
3,1EBmECJP-Vk,https://marvl-surgery.s3.amazonaws.com/videos/1EBmECJP-Vk.mp4,https://www.youtube.com/watch?v=1EBmECJP-Vk,312.0,4,82,4,0,0,okay,no,non_overhead
4,Epicflt4WBQ,https://marvl-surgery.s3.amazonaws.com/videos/Epicflt4WBQ.mp4,https://www.youtube.com/watch?v=Epicflt4WBQ,380.0,3,11,0,1,2,okay,no,non_overhead
5,xh9XtKhfzKU,https://marvl-surgery.s3.amazonaws.com/videos/xh9XtKhfzKU.mp4,https://www.youtube.com/watch?v=xh9XtKhfzKU,563.0,2,34,2,0,0,bad,no,non_overhead
6,GQQzVPySxPI,https://marvl-surgery.s3.amazonaws.com/videos/GQQzVPySxPI.mp4,https://www.youtube.com/watch?v=GQQzVPySxPI,451.0,16,285,5,4,7,good,no,non_overhead
7,eYrOeMtk0ng,https://marvl-surgery.s3.amazonaws.com/videos/eYrOeMtk0ng.mp4,https://www.youtube.com/watch?v=eYrOeMtk0ng,1062.0,23,457,3,8,12,okay,no,non_overhead
8,feF1aRtVAvc,https://marvl-surgery.s3.amazonaws.com/videos/feF1aRtVAvc.mp4,https://www.youtube.com/watch?v=feF1aRtVAvc,835.0,12,357,2,3,7,good,no,non_overhead
9,V7vkRKaUkn8,https://marvl-surgery.s3.amazonaws.com/videos/V7vkRKaUkn8.mp4,https://www.youtube.com/watch?v=V7vkRKaUkn8,750.0,19,99,17,1,1,bad,yes,non_overhead
10,l5h_tOU_D9w,https://marvl-surgery.s3.amazonaws.com/videos/l5h_tOU_D9w.mp4,https://www.youtube.com/watch?v=l5h_tOU_D9w,52.0,1,16,1,0,0,good,no,non_overhead
11,AjwzlmTvT8A,https://marvl-surgery.s3.amazonaws.com/videos/AjwzlmTvT8A.mp4,https://www.youtube.com/watch?v=AjwzlmTvT8A,96.0,2,55,2,0,0,bad,no,non_overhead
12,IJuourlriwc,https://marvl-surgery.s3.amazonaws.com/videos/IJuourlriwc.mp4,https://www.youtube.com/watch?v=IJuourlriwc,205.0,5,86,1,2,2,okay,no,non_overhead
13,D11S93t3QiU,https://marvl-surgery.s3.amazonaws.com/videos/D11S93t3QiU.mp4,https://www.youtube.com/watch?v=D11S93t3QiU,76.0,3,12,1,1,1,okay,no,non_overhead
14,F5wtY4Ns4nA,https://marvl-surgery.s3.amazonaws.com/videos/F5wtY4Ns4nA.mp4,https://www.youtube.com/watch?v=F5wtY4Ns4nA,1465.0,17,331,6,0,11,good,no,non_overhead
15,IqpcBRQMOak,https://marvl-surgery.s3.amazonaws.com/videos/IqpcBRQMOak.mp4,https://www.youtube.com/watch?v=IqpcBRQMOak,531.0,5,106,5,0,0,okay,no,non_overhead
16,oD5gC2ESBnk,https://marvl-surgery.s3.amazonaws.com/videos/oD5gC2ESBnk.mp4,https://www.youtube.com/watch?v=oD5gC2ESBnk,1691.0,6,199,6,0,0,okay,yes,non_overhead
17,cpgMJ7KOVl8,https://marvl-surgery.s3.amazonaws.com/videos/cpgMJ7KOVl8.mp4,https://www.youtube.com/watch?v=cpgMJ7KOVl8,385.0,3,329,2,0,1,okay,no,non_overhead
18,TcYgRmsw_jg,https://marvl-surgery.s3.amazonaws.com/videos/TcYgRmsw_jg.mp4,https://www.youtube.com/watch?v=TcYgRmsw_jg,244.0,3,64,1,0,2,okay,no,non_overhead
19,opbgCSvNKfY,https://marvl-surgery.s3.amazonaws.com/videos/opbgCSvNKfY.mp4,https://www.youtube.com/watch?v=opbgCSvNKfY,853.0,31,372,21,3,7,good,no,non_overhead
20,RWHBTwfa5C8,https://marvl-surgery.s3.amazonaws.com/videos/RWHBTwfa5C8.mp4,https://www.youtube.com/watch?v=RWHBTwfa5C8,597.0,3,19,0,1,2,okay,no,non_overhead
21,-DGQsmwXmLg,https://marvl-surgery.s3.amazonaws.com/videos/-DGQsmwXmLg.mp4,https://www.youtube.com/watch?v=-DGQsmwXmLg,219.0,1,95,1,0,0,good,no,non_overhead
22,dPvRrcSsc6Y,https://marvl-surgery.s3.amazonaws.com/videos/dPvRrcSsc6Y.mp4,https://www.youtube.com/watch?v=dPvRrcSsc6Y,222.0,2,62,2,0,0,bad,no,non_overhead
23,ZwdbtYzY_6s,https://marvl-surgery.s3.amazonaws.com/videos/ZwdbtYzY_6s.mp4,https://www.youtube.com/watch?v=ZwdbtYzY_6s,339.0,14,216,3,6,5,okay,no,non_overhead
24,lBmRC9LhFgw,https://marvl-surgery.s3.amazonaws.com/videos/lBmRC9LhFgw.mp4,https://www.youtube.com/watch?v=lBmRC9LhFgw,514.0,4,78,1,0,3,okay,no,non_overhead
25,JuUFXltasaU,https://marvl-surgery.s3.amazonaws.com/videos/JuUFXltasaU.mp4,https://www.youtube.com/watch?v=JuUFXltasaU,434.0,12,175,2,5,5,bad,no,non_overhead
26,c7zxUjQSusQ,https://marvl-surgery.s3.amazonaws.com/videos/c7zxUjQSusQ.mp4,https://www.youtube.com/watch?v=c7zxUjQSusQ,467.0,16,163,2,7,7,okay,yes,non_overhead
27,giVy41llq00,https://marvl-surgery.s3.amazonaws.com/videos/giVy41llq00.mp4,https://www.youtube.com/watch?v=giVy41llq00,262.0,8,84,1,0,7,okay,no,non_overhead
28,nwqyKvQ_mNk,https://marvl-surgery.s3.amazonaws.com/videos/nwqyKvQ_mNk.mp4,https://www.youtube.com/watch?v=nwqyKvQ_mNk,738.0,6,63,1,2,3,bad,no,non_overhead
29,lMmYj17LdbM,https://marvl-surgery.s3.amazonaws.com/videos/lMmYj17LdbM.mp4,https://www.youtube.com/watch?v=lMmYj17LdbM,357.0,3,41,3,0,0,good,no,non_overhead
30,PCyfP8I87AI,https://marvl-surgery.s3.amazonaws.com/videos/PCyfP8I87AI.mp4,https://www.youtube.com/watch?v=PCyfP8I87AI,738.0,9,143,5,1,3,bad,no,non_overhead
31,6idNh90AdtA,https://marvl-surgery.s3.amazonaws.com/videos/6idNh90AdtA.mp4,https://www.youtube.com/watch?v=6idNh90AdtA,563.0,13,93,7,1,5,okay,yes,non_overhead
32,884CY5zcTr4,https://marvl-surgery.s3.amazonaws.com/videos/884CY5zcTr4.mp4,https://www.youtube.com/watch?v=884CY5zcTr4,733.0,1,4,1,0,0,bad,no,non_overhead
33,HSXoe4PkkWI,https://marvl-surgery.s3.amazonaws.com/videos/HSXoe4PkkWI.mp4,https://www.youtube.com/watch?v=HSXoe4PkkWI,1575.0,57,1086,17,19,21,okay,no,non_overhead
34,hKgkoj8kaHo,https://marvl-surgery.s3.amazonaws.com/videos/hKgkoj8kaHo.mp4,https://www.youtube.com/watch?v=hKgkoj8kaHo,243.0,7,134,5,0,2,okay,no,non_overhead
35,rzKGRcXNXm4,https://marvl-surgery.s3.amazonaws.com/videos/rzKGRcXNXm4.mp4,https://www.youtube.com/watch?v=rzKGRcXNXm4,417.0,12,92,0,1,11,good,no,non_overhead
36,a4M6zT_PTQg,https://marvl-surgery.s3.amazonaws.com/videos/a4M6zT_PTQg.mp4,https://www.youtube.com/watch?v=a4M6zT_PTQg,245.0,6,234,1,2,3,okay,no,non_overhead
37,8LGGfKHtiPc,https://marvl-surgery.s3.amazonaws.com/videos/8LGGfKHtiPc.mp4,https://www.youtube.com/watch?v=8LGGfKHtiPc,197.0,14,83,4,4,6,okay,no,non_overhead
38,nX4--aHdAkM,https://marvl-surgery.s3.amazonaws.com/videos/nX4--aHdAkM.mp4,https://www.youtube.com/watch?v=nX4--aHdAkM,517.0,6,71,4,1,1,bad,no,non_overhead
39,erUVkDi6KqY,https://marvl-surgery.s3.amazonaws.com/videos/erUVkDi6KqY.mp4,https://www.youtube.com/watch?v=erUVkDi6KqY,838.0,8,193,5,2,1,okay,no,non_overhead
40,hQGTpK3CbpE,https://marvl-surgery.s3.amazonaws.com/videos/hQGTpK3CbpE.mp4,https://www.youtube.com/watch?v=hQGTpK3CbpE,449.0,2,26,1,0,1,good,yes,non_overhead
41,kipTlXQpPZw,https://marvl-surgery.s3.amazonaws.com/videos/kipTlXQpPZw.mp4,https://www.youtube.com/watch?v=kipTlXQpPZw,763.0,1,29,1,0,0,good,no,non_overhead
42,ftkqy5JBuSM,https://marvl-surgery.s3.amazonaws.com/videos/ftkqy5JBuSM.mp4,https://www.youtube.com/watch?v=ftkqy5JBuSM,296.0,8,34,2,2,4,bad,no,non_overhead
43,vmJjIIt-wAY,https://marvl-surgery.s3.amazonaws.com/videos/vmJjIIt-wAY.mp4,https://www.youtube.com/watch?v=vmJjIIt-wAY,0.0,4,68,1,0,3,bad,yes,non_overhead
44,Vnab8vZQcK8,https://marvl-surgery.s3.amazonaws.com/videos/Vnab8vZQcK8.mp4,https://www.youtube.com/watch?v=Vnab8vZQcK8,285.0,2,11,2,0,0,bad,yes,non_overhead
45,V3Fd-cRcdCA,https://marvl-surgery.s3.amazonaws.com/videos/V3Fd-cRcdCA.mp4,https://www.youtube.com/watch?v=V3Fd-cRcdCA,417.0,9,254,5,0,4,bad,no,non_overhead
46,ZXQPWRUdFqc,https://marvl-surgery.s3.amazonaws.com/videos/ZXQPWRUdFqc.mp4,https://www.youtube.com/watch?v=ZXQPWRUdFqc,270.0,6,99,3,2,1,bad,no,non_overhead
47,wDu9VyqfNu8,https://marvl-surgery.s3.amazonaws.com/videos/wDu9VyqfNu8.mp4,https://www.youtube.com/watch?v=wDu9VyqfNu8,901.0,20,250,1,11,8,good,no,non_overhead
48,AK8N5NoWlAI,https://marvl-surgery.s3.amazonaws.com/videos/AK8N5NoWlAI.mp4,https://www.youtube.com/watch?v=AK8N5NoWlAI,1375.0,9,151,7,1,1,bad,yes,non_overhead
49,YFs_AfPeK84,https://marvl-surgery.s3.amazonaws.com/videos/YFs_AfPeK84.mp4,https://www.youtube.com/watch?v=YFs_AfPeK84,388.0,2,101,1,1,0,okay,yes,non_overhead
50,kcOqlifSukA,https://marvl-surgery.s3.amazonaws.com/videos/kcOqlifSukA.mp4,https://www.youtube.com/watch?v=kcOqlifSukA,1856.0,40,883,23,5,12,okay,no,non_overhead
51,OXlUtv2DIzY,https://marvl-surgery.s3.amazonaws.com/videos/OXlUtv2DIzY.mp4,https://www.youtube.com/watch?v=OXlUtv2DIzY,797.0,34,349,7,13,14,okay,no,overhead
52,FotC4hB7Y0c,https://marvl-surgery.s3.amazonaws.com/videos/FotC4hB7Y0c.mp4,https://www.youtube.com/watch?v=FotC4hB7Y0c,219.0,20,117,8,5,7,good,no,overhead
53,8cT4CV1gkAA,https://marvl-surgery.s3.amazonaws.com/videos/8cT4CV1gkAA.mp4,https://www.youtube.com/watch?v=8cT4CV1gkAA,623.0,1,5,1,0,0,good,no,non_overhead
54,daht-zR1G4s,https://marvl-surgery.s3.amazonaws.com/videos/daht-zR1G4s.mp4,https://www.youtube.com/watch?v=daht-zR1G4s,391.0,21,112,11,6,4,good,no,non_overhead
55,WJ2jS88EUmo,https://marvl-surgery.s3.amazonaws.com/videos/WJ2jS88EUmo.mp4,https://www.youtube.com/watch?v=WJ2jS88EUmo,560.0,16,206,7,5,4,okay,no,non_overhead
56,HW2LXjSoAc8,https://marvl-surgery.s3.amazonaws.com/videos/HW2LXjSoAc8.mp4,https://www.youtube.com/watch?v=HW2LXjSoAc8,232.0,6,166,5,0,1,okay,no,non_overhead
57,K41gnfWPuhE,https://marvl-surgery.s3.amazonaws.com/videos/K41gnfWPuhE.mp4,https://www.youtube.com/watch?v=K41gnfWPuhE,456.0,4,247,4,0,0,okay,no,non_overhead
58,PyIDO9qA2_g,https://marvl-surgery.s3.amazonaws.com/videos/PyIDO9qA2_g.mp4,https://www.youtube.com/watch?v=PyIDO9qA2_g,217.0,5,140,5,0,0,bad,no,non_overhead
59,PqGpbc330j8,https://marvl-surgery.s3.amazonaws.com/videos/PqGpbc330j8.mp4,https://www.youtube.com/watch?v=PqGpbc330j8,90.0,3,56,1,0,2,good,no,non_overhead
60,5T2o554MNo0,https://marvl-surgery.s3.amazonaws.com/videos/5T2o554MNo0.mp4,https://www.youtube.com/watch?v=5T2o554MNo0,130.0,6,86,3,1,2,bad,no,non_overhead
61,wmDkmO4PAYI,https://marvl-surgery.s3.amazonaws.com/videos/wmDkmO4PAYI.mp4,https://www.youtube.com/watch?v=wmDkmO4PAYI,748.0,5,48,2,1,2,okay,no,non_overhead
62,iM5tFoqLX6Q,https://marvl-surgery.s3.amazonaws.com/videos/iM5tFoqLX6Q.mp4,https://www.youtube.com/watch?v=iM5tFoqLX6Q,217.0,2,14,1,1,0,good,no,non_overhead
63,rmcomZXiud4,https://marvl-surgery.s3.amazonaws.com/videos/rmcomZXiud4.mp4,https://www.youtube.com/watch?v=rmcomZXiud4,141.0,2,48,2,0,0,good,no,non_overhead
64,hqeq7pZOTgY,https://marvl-surgery.s3.amazonaws.com/videos/hqeq7pZOTgY.mp4,https://www.youtube.com/watch?v=hqeq7pZOTgY,522.0,11,162,0,0,11,okay,no,non_overhead
65,S4p9MmTfVTs,https://marvl-surgery.s3.amazonaws.com/videos/S4p9MmTfVTs.mp4,https://www.youtube.com/watch?v=S4p9MmTfVTs,483.0,13,126,3,6,4,okay,yes,overhead
66,OMK_iNu3gIE,https://marvl-surgery.s3.amazonaws.com/videos/OMK_iNu3gIE.mp4,https://www.youtube.com/watch?v=OMK_iNu3gIE,752.0,94,485,85,5,4,good,no,overhead
67,OsYDOBpXC48,https://marvl-surgery.s3.amazonaws.com/videos/OsYDOBpXC48.mp4,https://www.youtube.com/watch?v=OsYDOBpXC48,354.0,15,83,11,1,3,good,no,overhead
68,SNsUtI82de8,https://marvl-surgery.s3.amazonaws.com/videos/SNsUtI82de8.mp4,https://www.youtube.com/watch?v=SNsUtI82de8,1239.0,2,50,2,0,0,okay,no,non_overhead
69,QbOhP0qTXM4,https://marvl-surgery.s3.amazonaws.com/videos/QbOhP0qTXM4.mp4,https://www.youtube.com/watch?v=QbOhP0qTXM4,112.0,1,7,1,0,0,good,no,non_overhead
70,y0ie8xT6Hx0,https://marvl-surgery.s3.amazonaws.com/videos/y0ie8xT6Hx0.mp4,https://www.youtube.com/watch?v=y0ie8xT6Hx0,245.0,2,152,2,0,0,okay,no,non_overhead
71,bgWCyjuumn0,https://marvl-surgery.s3.amazonaws.com/videos/bgWCyjuumn0.mp4,https://www.youtube.com/watch?v=bgWCyjuumn0,351.0,1,21,1,0,0,bad,no,non_overhead
72,E8UPLNhr2B4,https://marvl-surgery.s3.amazonaws.com/videos/E8UPLNhr2B4.mp4,https://www.youtube.com/watch?v=E8UPLNhr2B4,332.0,15,58,4,5,6,good,no,non_overhead
73,AYt94DNtKXU,https://marvl-surgery.s3.amazonaws.com/videos/AYt94DNtKXU.mp4,https://www.youtube.com/watch?v=AYt94DNtKXU,0.0,14,359,10,1,3,okay,yes,non_overhead
74,pZNG2IN5ixo,https://marvl-surgery.s3.amazonaws.com/videos/pZNG2IN5ixo.mp4,https://www.youtube.com/watch?v=pZNG2IN5ixo,197.0,2,30,2,0,0,good,no,non_overhead
75,sIr0IxtC7C4,https://marvl-surgery.s3.amazonaws.com/videos/sIr0IxtC7C4.mp4,https://www.youtube.com/watch?v=sIr0IxtC7C4,376.0,5,73,3,0,2,okay,yes,non_overhead
76,WR8G3F2TDxI,https://marvl-surgery.s3.amazonaws.com/videos/WR8G3F2TDxI.mp4,https://www.youtube.com/watch?v=WR8G3F2TDxI,699.0,13,170,8,0,5,okay,no,non_overhead
77,_35HaYVPBIA,https://marvl-surgery.s3.amazonaws.com/videos/_35HaYVPBIA.mp4,https://www.youtube.com/watch?v=_35HaYVPBIA,123.0,1,9,1,0,0,bad,no,non_overhead
78,7d19RiHEBjQ,https://marvl-surgery.s3.amazonaws.com/videos/7d19RiHEBjQ.mp4,https://www.youtube.com/watch?v=7d19RiHEBjQ,299.0,1,16,1,0,0,bad,no,non_overhead
79,EWra7VzEiS4,https://marvl-surgery.s3.amazonaws.com/videos/EWra7VzEiS4.mp4,https://www.youtube.com/watch?v=EWra7VzEiS4,804.0,3,90,3,0,0,good,no,non_overhead
80,wZ2LvPEP84g,https://marvl-surgery.s3.amazonaws.com/videos/wZ2LvPEP84g.mp4,https://www.youtube.com/watch?v=wZ2LvPEP84g,809.0,17,145,2,10,5,okay,no,non_overhead
81,T5sNqOFwTfQ,https://marvl-surgery.s3.amazonaws.com/videos/T5sNqOFwTfQ.mp4,https://www.youtube.com/watch?v=T5sNqOFwTfQ,522.0,9,420,9,0,0,good,no,non_overhead
82,Tg3Pg6f-mjg,https://marvl-surgery.s3.amazonaws.com/videos/Tg3Pg6f-mjg.mp4,https://www.youtube.com/watch?v=Tg3Pg6f-mjg,317.0,9,124,1,6,2,good,no,non_overhead
83,-3gFrKiC99I,https://marvl-surgery.s3.amazonaws.com/videos/-3gFrKiC99I.mp4,https://www.youtube.com/watch?v=-3gFrKiC99I,801.0,59,298,23,5,31,good,no,non_overhead
84,x301dRwjBt0,https://marvl-surgery.s3.amazonaws.com/videos/x301dRwjBt0.mp4,https://www.youtube.com/watch?v=x301dRwjBt0,263.0,3,110,2,0,1,bad,no,non_overhead
85,mDvZwgwQ2oc,https://marvl-surgery.s3.amazonaws.com/videos/mDvZwgwQ2oc.mp4,https://www.youtube.com/watch?v=mDvZwgwQ2oc,138.0,3,59,2,1,0,good,no,overhead
86,M2PTmXVatbQ,https://marvl-surgery.s3.amazonaws.com/videos/M2PTmXVatbQ.mp4,https://www.youtube.com/watch?v=M2PTmXVatbQ,421.0,14,186,3,3,8,good,no,non_overhead
87,StuUjtXj6u8,https://marvl-surgery.s3.amazonaws.com/videos/StuUjtXj6u8.mp4,https://www.youtube.com/watch?v=StuUjtXj6u8,269.0,5,59,4,0,1,okay,no,non_overhead
88,JjzptNEQJ2g,https://marvl-surgery.s3.amazonaws.com/videos/JjzptNEQJ2g.mp4,https://www.youtube.com/watch?v=JjzptNEQJ2g,277.0,2,40,2,0,0,bad,no,non_overhead
89,1PwQrgU2Lic,https://marvl-surgery.s3.amazonaws.com/videos/1PwQrgU2Lic.mp4,https://www.youtube.com/watch?v=1PwQrgU2Lic,1345.0,25,408,23,1,1,okay,yes,non_overhead
90,kRWNgDQ-WcU,https://marvl-surgery.s3.amazonaws.com/videos/kRWNgDQ-WcU.mp4,https://www.youtube.com/watch?v=kRWNgDQ-WcU,832.0,33,485,9,11,13,okay,no,non_overhead
91,En4tbEsYKwI,https://marvl-surgery.s3.amazonaws.com/videos/En4tbEsYKwI.mp4,https://www.youtube.com/watch?v=En4tbEsYKwI,193.0,4,75,4,0,0,bad,no,non_overhead
92,dLap-hcBxc0,https://marvl-surgery.s3.amazonaws.com/videos/dLap-hcBxc0.mp4,https://www.youtube.com/watch?v=dLap-hcBxc0,153.0,2,9,2,0,0,good,yes,non_overhead
93,MQ0w6hXABDc,https://marvl-surgery.s3.amazonaws.com/videos/MQ0w6hXABDc.mp4,https://www.youtube.com/watch?v=MQ0w6hXABDc,561.0,1,12,1,0,0,bad,no,non_overhead
94,DpeAsOXVruw,https://marvl-surgery.s3.amazonaws.com/videos/DpeAsOXVruw.mp4,https://www.youtube.com/watch?v=DpeAsOXVruw,449.0,12,74,3,3,6,bad,yes,non_overhead
95,wVszq_SYrAQ,https://marvl-surgery.s3.amazonaws.com/videos/wVszq_SYrAQ.mp4,https://www.youtube.com/watch?v=wVszq_SYrAQ,487.0,8,182,8,0,0,okay,no,non_overhead
96,GkKGPN4gado,https://marvl-surgery.s3.amazonaws.com/videos/GkKGPN4gado.mp4,https://www.youtube.com/watch?v=GkKGPN4gado,284.0,7,226,2,1,4,good,no,non_overhead
97,3Fx1EiO5iRY,https://marvl-surgery.s3.amazonaws.com/videos/3Fx1EiO5iRY.mp4,https://www.youtube.com/watch?v=3Fx1EiO5iRY,684.0,34,178,19,4,11,good,no,non_overhead
98,FMLfc2V18HY,https://marvl-surgery.s3.amazonaws.com/videos/FMLfc2V18HY.mp4,https://www.youtube.com/watch?v=FMLfc2V18HY,448.0,2,14,1,0,1,okay,yes,non_overhead
99,HP8pRJsWlGk,https://marvl-surgery.s3.amazonaws.com/videos/HP8pRJsWlGk.mp4,https://www.youtube.com/watch?v=HP8pRJsWlGk,995.0,8,52,3,0,5,good,no,non_overhead
100,DM3aDFlbh9A,https://marvl-surgery.s3.amazonaws.com/videos/DM3aDFlbh9A.mp4,https://www.youtube.com/watch?v=DM3aDFlbh9A,1082.0,13,371,6,3,4,okay,no,non_overhead
101,uGT08nyk7qA,https://marvl-surgery.s3.amazonaws.com/videos/uGT08nyk7qA.mp4,https://www.youtube.com/watch?v=uGT08nyk7qA,666.0,2,32,2,0,0,good,no,non_overhead
102,NL72fNR2hSM,https://marvl-surgery.s3.amazonaws.com/videos/NL72fNR2hSM.mp4,https://www.youtube.com/watch?v=NL72fNR2hSM,354.0,2,74,2,0,0,bad,no,non_overhead
103,EswP8VDC85s,https://marvl-surgery.s3.amazonaws.com/videos/EswP8VDC85s.mp4,https://www.youtube.com/watch?v=EswP8VDC85s,81.0,2,54,1,0,1,good,no,non_overhead
104,S1R95eOuSNk,https://marvl-surgery.s3.amazonaws.com/videos/S1R95eOuSNk.mp4,https://www.youtube.com/watch?v=S1R95eOuSNk,409.0,5,212,1,4,0,good,no,non_overhead
105,axVfF8m0LCU,https://marvl-surgery.s3.amazonaws.com/videos/axVfF8m0LCU.mp4,https://www.youtube.com/watch?v=axVfF8m0LCU,283.0,1,15,1,0,0,bad,no,non_overhead
106,txCYSkZIrjE,https://marvl-surgery.s3.amazonaws.com/videos/txCYSkZIrjE.mp4,https://www.youtube.com/watch?v=txCYSkZIrjE,742.0,58,306,48,8,2,okay,yes,non_overhead
107,LgmXCOICHLA,https://marvl-surgery.s3.amazonaws.com/videos/LgmXCOICHLA.mp4,https://www.youtube.com/watch?v=LgmXCOICHLA,266.0,11,107,0,5,6,okay,no,non_overhead
108,EUdac6A9n60,https://marvl-surgery.s3.amazonaws.com/videos/EUdac6A9n60.mp4,https://www.youtube.com/watch?v=EUdac6A9n60,565.0,5,59,3,2,0,okay,no,non_overhead
109,thgXniYmwII,https://marvl-surgery.s3.amazonaws.com/videos/thgXniYmwII.mp4,https://www.youtube.com/watch?v=thgXniYmwII,97.0,5,21,3,1,1,okay,no,non_overhead
110,h-Ma9JnznLc,https://marvl-surgery.s3.amazonaws.com/videos/h-Ma9JnznLc.mp4,https://www.youtube.com/watch?v=h-Ma9JnznLc,749.0,21,109,11,3,7,bad,yes,overhead
111,KzPl-2e5Mw0,https://marvl-surgery.s3.amazonaws.com/videos/KzPl-2e5Mw0.mp4,https://www.youtube.com/watch?v=KzPl-2e5Mw0,285.0,1,8,1,0,0,bad,no,non_overhead
112,P-qQJChzlhM,https://marvl-surgery.s3.amazonaws.com/videos/P-qQJChzlhM.mp4,https://www.youtube.com/watch?v=P-qQJChzlhM,509.0,11,282,6,2,3,okay,no,non_overhead
113,iONoQhdgIf0,https://marvl-surgery.s3.amazonaws.com/videos/iONoQhdgIf0.mp4,https://www.youtube.com/watch?v=iONoQhdgIf0,1687.0,32,1639,32,0,0,okay,no,non_overhead
114,gL_7N9tvgT4,https://marvl-surgery.s3.amazonaws.com/videos/gL_7N9tvgT4.mp4,https://www.youtube.com/watch?v=gL_7N9tvgT4,857.0,5,54,1,2,2,good,no,non_overhead
115,8EhXEAp-uLI,https://marvl-surgery.s3.amazonaws.com/videos/8EhXEAp-uLI.mp4,https://www.youtube.com/watch?v=8EhXEAp-uLI,247.0,15,84,13,0,2,bad,no,non_overhead
116,KV1bU0Kl9Fc,https://marvl-surgery.s3.amazonaws.com/videos/KV1bU0Kl9Fc.mp4,https://www.youtube.com/watch?v=KV1bU0Kl9Fc,1329.0,11,104,11,0,0,okay,yes,non_overhead
117,dKF78zABOQs,https://marvl-surgery.s3.amazonaws.com/videos/dKF78zABOQs.mp4,https://www.youtube.com/watch?v=dKF78zABOQs,132.0,4,18,4,0,0,bad,yes,non_overhead
118,hE7HSiip4ZA,https://marvl-surgery.s3.amazonaws.com/videos/hE7HSiip4ZA.mp4,https://www.youtube.com/watch?v=hE7HSiip4ZA,272.0,1,21,1,0,0,bad,no,non_overhead
119,l7Fd7vTBkjE,https://marvl-surgery.s3.amazonaws.com/videos/l7Fd7vTBkjE.mp4,https://www.youtube.com/watch?v=l7Fd7vTBkjE,1499.0,30,496,4,2,24,okay,no,non_overhead
120,zmQpJvYVsi4,https://marvl-surgery.s3.amazonaws.com/videos/zmQpJvYVsi4.mp4,https://www.youtube.com/watch?v=zmQpJvYVsi4,679.0,1,46,1,0,0,bad,no,non_overhead
121,6ywlQxRzZGw,https://marvl-surgery.s3.amazonaws.com/videos/6ywlQxRzZGw.mp4,https://www.youtube.com/watch?v=6ywlQxRzZGw,171.0,1,14,0,0,1,bad,yes,non_overhead
122,zJkQP-BFl8c,https://marvl-surgery.s3.amazonaws.com/videos/zJkQP-BFl8c.mp4,https://www.youtube.com/watch?v=zJkQP-BFl8c,246.0,4,22,4,0,0,okay,no,non_overhead
123,JvyO1LjGKhs,https://marvl-surgery.s3.amazonaws.com/videos/JvyO1LjGKhs.mp4,https://www.youtube.com/watch?v=JvyO1LjGKhs,686.0,59,313,40,3,16,okay,no,non_overhead
124,N6Er2hAGB3Y,https://marvl-surgery.s3.amazonaws.com/videos/N6Er2hAGB3Y.mp4,https://www.youtube.com/watch?v=N6Er2hAGB3Y,531.0,10,58,10,0,0,okay,no,non_overhead
125,Yl3S1UtzmFI,https://marvl-surgery.s3.amazonaws.com/videos/Yl3S1UtzmFI.mp4,https://www.youtube.com/watch?v=Yl3S1UtzmFI,294.0,23,149,3,9,11,okay,no,non_overhead
126,oDs_6O6AQjA,https://marvl-surgery.s3.amazonaws.com/videos/oDs_6O6AQjA.mp4,https://www.youtube.com/watch?v=oDs_6O6AQjA,341.0,12,179,2,5,5,okay,no,non_overhead
127,Mp2m1AMx8Ks,https://marvl-surgery.s3.amazonaws.com/videos/Mp2m1AMx8Ks.mp4,https://www.youtube.com/watch?v=Mp2m1AMx8Ks,143.0,5,81,2,1,2,okay,no,non_overhead
128,WDLZ-G0IRJQ,https://marvl-surgery.s3.amazonaws.com/videos/WDLZ-G0IRJQ.mp4,https://www.youtube.com/watch?v=WDLZ-G0IRJQ,243.0,6,184,1,1,4,okay,no,non_overhead
129,VsKw5d-4rq8,https://marvl-surgery.s3.amazonaws.com/videos/VsKw5d-4rq8.mp4,https://www.youtube.com/watch?v=VsKw5d-4rq8,1515.0,2,55,1,1,0,bad,no,non_overhead
130,d8xavK1zIhY,https://marvl-surgery.s3.amazonaws.com/videos/d8xavK1zIhY.mp4,https://www.youtube.com/watch?v=d8xavK1zIhY,968.0,14,115,14,0,0,bad,yes,non_overhead
131,IzVNghUkxI0,https://marvl-surgery.s3.amazonaws.com/videos/IzVNghUkxI0.mp4,https://www.youtube.com/watch?v=IzVNghUkxI0,808.0,6,152,4,2,0,okay,no,non_overhead
132,x98rpVdG96Y,https://marvl-surgery.s3.amazonaws.com/videos/x98rpVdG96Y.mp4,https://www.youtube.com/watch?v=x98rpVdG96Y,177.0,2,53,0,0,2,bad,no,non_overhead
133,TFwFMav_cpE,https://marvl-surgery.s3.amazonaws.com/videos/TFwFMav_cpE.mp4,https://www.youtube.com/watch?v=TFwFMav_cpE,1186.0,32,344,0,13,19,okay,no,non_overhead
134,SublDZXJ7p4,https://marvl-surgery.s3.amazonaws.com/videos/SublDZXJ7p4.mp4,https://www.youtube.com/watch?v=SublDZXJ7p4,1209.0,8,39,5,0,3,good,yes,non_overhead
135,tE8Ml8aDk18,https://marvl-surgery.s3.amazonaws.com/videos/tE8Ml8aDk18.mp4,https://www.youtube.com/watch?v=tE8Ml8aDk18,421.0,24,208,3,0,21,okay,no,non_overhead
136,tbxSEoWwqCM,https://marvl-surgery.s3.amazonaws.com/videos/tbxSEoWwqCM.mp4,https://www.youtube.com/watch?v=tbxSEoWwqCM,103.0,2,42,2,0,0,okay,no,non_overhead
137,BWrTbbZYozw,https://marvl-surgery.s3.amazonaws.com/videos/BWrTbbZYozw.mp4,https://www.youtube.com/watch?v=BWrTbbZYozw,578.0,9,53,6,1,2,bad,no,non_overhead
138,GwHruH8trhg,https://marvl-surgery.s3.amazonaws.com/videos/GwHruH8trhg.mp4,https://www.youtube.com/watch?v=GwHruH8trhg,336.0,10,133,1,3,6,good,no,non_overhead
139,mq8pdoUFZ8g,https://marvl-surgery.s3.amazonaws.com/videos/mq8pdoUFZ8g.mp4,https://www.youtube.com/watch?v=mq8pdoUFZ8g,206.0,1,32,1,0,0,okay,no,non_overhead
140,pN5bKT7U_OQ,https://marvl-surgery.s3.amazonaws.com/videos/pN5bKT7U_OQ.mp4,https://www.youtube.com/watch?v=pN5bKT7U_OQ,624.0,21,357,4,1,16,good,no,overhead
141,frw2-77Iwf0,https://marvl-surgery.s3.amazonaws.com/videos/frw2-77Iwf0.mp4,https://www.youtube.com/watch?v=frw2-77Iwf0,376.0,32,206,26,0,6,okay,yes,overhead
142,rtJzPBn6FWw,https://marvl-surgery.s3.amazonaws.com/videos/rtJzPBn6FWw.mp4,https://www.youtube.com/watch?v=rtJzPBn6FWw,389.0,7,43,1,1,5,bad,no,non_overhead
143,urMq4AtExDg,https://marvl-surgery.s3.amazonaws.com/videos/urMq4AtExDg.mp4,https://www.youtube.com/watch?v=urMq4AtExDg,914.0,22,470,4,2,16,bad,no,non_overhead
144,UJzc5o-rXOM,https://marvl-surgery.s3.amazonaws.com/videos/UJzc5o-rXOM.mp4,https://www.youtube.com/watch?v=UJzc5o-rXOM,492.0,4,24,1,1,2,okay,yes,non_overhead
145,fHZ_0htxQ4k,https://marvl-surgery.s3.amazonaws.com/videos/fHZ_0htxQ4k.mp4,https://www.youtube.com/watch?v=fHZ_0htxQ4k,904.0,6,151,5,1,0,okay,no,non_overhead
146,qaAoYqg2vWo,https://marvl-surgery.s3.amazonaws.com/videos/qaAoYqg2vWo.mp4,https://www.youtube.com/watch?v=qaAoYqg2vWo,874.0,11,311,3,8,0,okay,no,overhead
147,wy7Q_xUlwHI,https://marvl-surgery.s3.amazonaws.com/videos/wy7Q_xUlwHI.mp4,https://www.youtube.com/watch?v=wy7Q_xUlwHI,1602.0,45,727,1,18,26,bad,no,non_overhead
148,zNnwVj9whYA,https://marvl-surgery.s3.amazonaws.com/videos/zNnwVj9whYA.mp4,https://www.youtube.com/watch?v=zNnwVj9whYA,232.0,5,74,1,3,1,okay,no,non_overhead
149,BssDb0s5cdA,https://marvl-surgery.s3.amazonaws.com/videos/BssDb0s5cdA.mp4,https://www.youtube.com/watch?v=BssDb0s5cdA,73.0,2,24,2,0,0,good,no,non_overhead
150,wiT6R0xxh7w,https://marvl-surgery.s3.amazonaws.com/videos/wiT6R0xxh7w.mp4,https://www.youtube.com/watch?v=wiT6R0xxh7w,310.0,7,145,2,4,1,okay,no,overhead
151,eko_xMEYTKw,https://marvl-surgery.s3.amazonaws.com/videos/eko_xMEYTKw.mp4,https://www.youtube.com/watch?v=eko_xMEYTKw,605.0,19,179,16,2,1,good,no,non_overhead
152,wBADkB_PFkA,https://marvl-surgery.s3.amazonaws.com/videos/wBADkB_PFkA.mp4,https://www.youtube.com/watch?v=wBADkB_PFkA,67.0,2,11,2,0,0,okay,no,non_overhead
153,8VPsnDDEN04,https://marvl-surgery.s3.amazonaws.com/videos/8VPsnDDEN04.mp4,https://www.youtube.com/watch?v=8VPsnDDEN04,440.0,11,193,4,2,5,okay,no,non_overhead
154,wZTMcbt85J4,https://marvl-surgery.s3.amazonaws.com/videos/wZTMcbt85J4.mp4,https://www.youtube.com/watch?v=wZTMcbt85J4,414.0,2,121,2,0,0,good,no,non_overhead
155,vfHOapUt5kA,https://marvl-surgery.s3.amazonaws.com/videos/vfHOapUt5kA.mp4,https://www.youtube.com/watch?v=vfHOapUt5kA,248.0,18,204,7,1,10,okay,no,non_overhead
156,wEivan1FAIA,https://marvl-surgery.s3.amazonaws.com/videos/wEivan1FAIA.mp4,https://www.youtube.com/watch?v=wEivan1FAIA,451.0,4,103,3,0,1,bad,no,non_overhead
157,zyW8m35aEr0,https://marvl-surgery.s3.amazonaws.com/videos/zyW8m35aEr0.mp4,https://www.youtube.com/watch?v=zyW8m35aEr0,261.0,1,7,1,0,0,bad,no,non_overhead
158,Uy2fFSuYfpE,https://marvl-surgery.s3.amazonaws.com/videos/Uy2fFSuYfpE.mp4,https://www.youtube.com/watch?v=Uy2fFSuYfpE,801.0,7,406,5,2,0,bad,yes,non_overhead
159,V_kW8dMjGX0,https://marvl-surgery.s3.amazonaws.com/videos/V_kW8dMjGX0.mp4,https://www.youtube.com/watch?v=V_kW8dMjGX0,186.0,4,28,1,2,1,bad,no,non_overhead
160,ZAwOzpqlZkA,https://marvl-surgery.s3.amazonaws.com/videos/ZAwOzpqlZkA.mp4,https://www.youtube.com/watch?v=ZAwOzpqlZkA,259.0,11,130,3,4,4,good,no,overhead
161,hyw7Ue6oW8w,https://marvl-surgery.s3.amazonaws.com/videos/hyw7Ue6oW8w.mp4,https://www.youtube.com/watch?v=hyw7Ue6oW8w,102.0,4,28,2,1,1,okay,no,non_overhead
162,NsXz7b--hC4,https://marvl-surgery.s3.amazonaws.com/videos/NsXz7b--hC4.mp4,https://www.youtube.com/watch?v=NsXz7b--hC4,342.0,6,79,6,0,0,good,no,non_overhead
163,ejXLixqZVSs,https://marvl-surgery.s3.amazonaws.com/videos/ejXLixqZVSs.mp4,https://www.youtube.com/watch?v=ejXLixqZVSs,1572.0,27,409,17,5,5,okay,no,non_overhead
164,synW6molzgA,https://marvl-surgery.s3.amazonaws.com/videos/synW6molzgA.mp4,https://www.youtube.com/watch?v=synW6molzgA,582.0,7,128,6,1,0,okay,no,non_overhead
165,YGJLGKetzy0,https://marvl-surgery.s3.amazonaws.com/videos/YGJLGKetzy0.mp4,https://www.youtube.com/watch?v=YGJLGKetzy0,0.0,1,126,1,0,0,okay,no,non_overhead
166,tOLu-p5V-7o,https://marvl-surgery.s3.amazonaws.com/videos/tOLu-p5V-7o.mp4,https://www.youtube.com/watch?v=tOLu-p5V-7o,444.0,8,72,1,2,5,good,no,overhead
167,N32N6VEcW2I,https://marvl-surgery.s3.amazonaws.com/videos/N32N6VEcW2I.mp4,https://www.youtube.com/watch?v=N32N6VEcW2I,665.0,15,239,9,0,6,okay,no,non_overhead
168,bbI9l7j-LP4,https://marvl-surgery.s3.amazonaws.com/videos/bbI9l7j-LP4.mp4,https://www.youtube.com/watch?v=bbI9l7j-LP4,54.0,14,70,14,0,0,good,no,non_overhead
169,XfnUomzjvfs,https://marvl-surgery.s3.amazonaws.com/videos/XfnUomzjvfs.mp4,https://www.youtube.com/watch?v=XfnUomzjvfs,1339.0,9,130,5,0,4,bad,yes,non_overhead
170,qxaOo9Q0g2M,https://marvl-surgery.s3.amazonaws.com/videos/qxaOo9Q0g2M.mp4,https://www.youtube.com/watch?v=qxaOo9Q0g2M,470.0,14,234,5,3,6,okay,no,non_overhead
171,PC2SAKnlLok,https://marvl-surgery.s3.amazonaws.com/videos/PC2SAKnlLok.mp4,https://www.youtube.com/watch?v=PC2SAKnlLok,333.0,14,119,5,5,4,okay,no,non_overhead
172,n5o16fYYp-8,https://marvl-surgery.s3.amazonaws.com/videos/n5o16fYYp-8.mp4,https://www.youtube.com/watch?v=n5o16fYYp-8,278.0,6,55,1,2,3,bad,no,non_overhead
173,bxm902jT1Ok,https://marvl-surgery.s3.amazonaws.com/videos/bxm902jT1Ok.mp4,https://www.youtube.com/watch?v=bxm902jT1Ok,0.0,1,86,1,0,0,good,no,non_overhead
174,OsvR-ZxJtC0,https://marvl-surgery.s3.amazonaws.com/videos/OsvR-ZxJtC0.mp4,https://www.youtube.com/watch?v=OsvR-ZxJtC0,98.0,4,54,3,0,1,bad,no,non_overhead
175,ytgWAMS1SkE,https://marvl-surgery.s3.amazonaws.com/videos/ytgWAMS1SkE.mp4,https://www.youtube.com/watch?v=ytgWAMS1SkE,1091.0,11,246,0,0,11,okay,no,non_overhead
176,ZyWXlbQ8XdI,https://marvl-surgery.s3.amazonaws.com/videos/ZyWXlbQ8XdI.mp4,https://www.youtube.com/watch?v=ZyWXlbQ8XdI,1055.0,6,329,4,0,2,good,yes,non_overhead
177,0oxhRpSq850,https://marvl-surgery.s3.amazonaws.com/videos/0oxhRpSq850.mp4,https://www.youtube.com/watch?v=0oxhRpSq850,303.0,5,83,4,0,1,okay,yes,non_overhead
178,VvkCaxXqFfY,https://marvl-surgery.s3.amazonaws.com/videos/VvkCaxXqFfY.mp4,https://www.youtube.com/watch?v=VvkCaxXqFfY,206.0,4,144,3,0,1,good,no,non_overhead
179,0sN_jPLnyIE,https://marvl-surgery.s3.amazonaws.com/videos/0sN_jPLnyIE.mp4,https://www.youtube.com/watch?v=0sN_jPLnyIE,148.0,2,61,2,0,0,okay,no,non_overhead
180,ILZA2bFVGPE,https://marvl-surgery.s3.amazonaws.com/videos/ILZA2bFVGPE.mp4,https://www.youtube.com/watch?v=ILZA2bFVGPE,415.0,4,52,3,1,0,okay,yes,non_overhead
181,Fk5WjTJdVUA,https://marvl-surgery.s3.amazonaws.com/videos/Fk5WjTJdVUA.mp4,https://www.youtube.com/watch?v=Fk5WjTJdVUA,225.0,3,38,3,0,0,good,no,non_overhead
182,luDl5dLz1No,https://marvl-surgery.s3.amazonaws.com/videos/luDl5dLz1No.mp4,https://www.youtube.com/watch?v=luDl5dLz1No,1447.0,19,218,4,8,7,good,no,non_overhead
183,WTO1F3NG8PE,https://marvl-surgery.s3.amazonaws.com/videos/WTO1F3NG8PE.mp4,https://www.youtube.com/watch?v=WTO1F3NG8PE,893.0,18,174,18,0,0,bad,no,overhead
184,zOHKqmSAZto,https://marvl-surgery.s3.amazonaws.com/videos/zOHKqmSAZto.mp4,https://www.youtube.com/watch?v=zOHKqmSAZto,520.0,14,140,9,3,2,good,no,non_overhead
185,5cscLtlF-P0,https://marvl-surgery.s3.amazonaws.com/videos/5cscLtlF-P0.mp4,https://www.youtube.com/watch?v=5cscLtlF-P0,844.0,6,187,4,1,1,okay,no,non_overhead
186,N8vXhfGUaHg,https://marvl-surgery.s3.amazonaws.com/videos/N8vXhfGUaHg.mp4,https://www.youtube.com/watch?v=N8vXhfGUaHg,145.0,3,32,1,1,1,okay,no,non_overhead
187,Rw5idx6VjbI,https://marvl-surgery.s3.amazonaws.com/videos/Rw5idx6VjbI.mp4,https://www.youtube.com/watch?v=Rw5idx6VjbI,510.0,15,308,5,0,10,okay,no,non_overhead
188,BHerDVFqrL8,https://marvl-surgery.s3.amazonaws.com/videos/BHerDVFqrL8.mp4,https://www.youtube.com/watch?v=BHerDVFqrL8,766.0,5,336,3,2,0,bad,no,non_overhead
189,kQTmL3C2dwE,https://marvl-surgery.s3.amazonaws.com/videos/kQTmL3C2dwE.mp4,https://www.youtube.com/watch?v=kQTmL3C2dwE,443.0,2,351,2,0,0,bad,no,non_overhead
190,HKhfkcgE0ag,https://marvl-surgery.s3.amazonaws.com/videos/HKhfkcgE0ag.mp4,https://www.youtube.com/watch?v=HKhfkcgE0ag,377.0,19,109,2,10,7,good,no,non_overhead
191,i2GvmqhU4og,https://marvl-surgery.s3.amazonaws.com/videos/i2GvmqhU4og.mp4,https://www.youtube.com/watch?v=i2GvmqhU4og,245.0,2,33,1,1,0,bad,no,overhead
192,g9lzOYtGLic,https://marvl-surgery.s3.amazonaws.com/videos/g9lzOYtGLic.mp4,https://www.youtube.com/watch?v=g9lzOYtGLic,298.0,2,24,2,0,0,bad,no,non_overhead
193,VtJtGtC3R80,https://marvl-surgery.s3.amazonaws.com/videos/VtJtGtC3R80.mp4,https://www.youtube.com/watch?v=VtJtGtC3R80,653.0,4,20,4,0,0,bad,no,non_overhead
194,jogJdtFU8SY,https://marvl-surgery.s3.amazonaws.com/videos/jogJdtFU8SY.mp4,https://www.youtube.com/watch?v=jogJdtFU8SY,477.0,9,236,5,0,4,okay,no,non_overhead
195,0FHE1jSN3w0,https://marvl-surgery.s3.amazonaws.com/videos/0FHE1jSN3w0.mp4,https://www.youtube.com/watch?v=0FHE1jSN3w0,1471.0,7,202,2,0,5,okay,no,non_overhead
196,eQCNSx0P7LM,https://marvl-surgery.s3.amazonaws.com/videos/eQCNSx0P7LM.mp4,https://www.youtube.com/watch?v=eQCNSx0P7LM,308.0,5,64,0,1,4,okay,no,non_overhead
197,njHyoJ_rKLs,https://marvl-surgery.s3.amazonaws.com/videos/njHyoJ_rKLs.mp4,https://www.youtube.com/watch?v=njHyoJ_rKLs,148.0,2,83,1,0,1,okay,no,non_overhead
198,FUGhWj5iv70,https://marvl-surgery.s3.amazonaws.com/videos/FUGhWj5iv70.mp4,https://www.youtube.com/watch?v=FUGhWj5iv70,691.0,52,265,52,0,0,good,no,non_overhead
199,oewplXxSMrk,https://marvl-surgery.s3.amazonaws.com/videos/oewplXxSMrk.mp4,https://www.youtube.com/watch?v=oewplXxSMrk,187.0,5,104,5,0,0,good,no,non_overhead
200,zRk7vi3FsyU,https://marvl-surgery.s3.amazonaws.com/videos/zRk7vi3FsyU.mp4,https://www.youtube.com/watch?v=zRk7vi3FsyU,858.0,33,436,2,0,31,okay,yes,non_overhead
201,mYzL383plFw,https://marvl-surgery.s3.amazonaws.com/videos/mYzL383plFw.mp4,https://www.youtube.com/watch?v=mYzL383plFw,618.0,7,274,6,1,0,good,no,non_overhead
202,k0f8x5ZFnDs,https://marvl-surgery.s3.amazonaws.com/videos/k0f8x5ZFnDs.mp4,https://www.youtube.com/watch?v=k0f8x5ZFnDs,357.0,9,84,9,0,0,okay,no,non_overhead
203,AGxuM1_H7KE,https://marvl-surgery.s3.amazonaws.com/videos/AGxuM1_H7KE.mp4,https://www.youtube.com/watch?v=AGxuM1_H7KE,995.0,22,391,9,9,4,good,no,non_overhead
204,357DW8IYYt8,https://marvl-surgery.s3.amazonaws.com/videos/357DW8IYYt8.mp4,https://www.youtube.com/watch?v=357DW8IYYt8,403.0,15,254,5,1,9,okay,no,non_overhead
205,pHLuvSmOJRQ,https://marvl-surgery.s3.amazonaws.com/videos/pHLuvSmOJRQ.mp4,https://www.youtube.com/watch?v=pHLuvSmOJRQ,384.0,9,53,9,0,0,bad,no,non_overhead
206,XnkQgjOM5RU,https://marvl-surgery.s3.amazonaws.com/videos/XnkQgjOM5RU.mp4,https://www.youtube.com/watch?v=XnkQgjOM5RU,671.0,2,48,2,0,0,okay,no,non_overhead
207,pWIti7kfTyk,https://marvl-surgery.s3.amazonaws.com/videos/pWIti7kfTyk.mp4,https://www.youtube.com/watch?v=pWIti7kfTyk,108.0,3,24,1,2,0,okay,no,non_overhead
208,mvYF35gw4Og,https://marvl-surgery.s3.amazonaws.com/videos/mvYF35gw4Og.mp4,https://www.youtube.com/watch?v=mvYF35gw4Og,92.0,2,13,1,0,1,okay,no,non_overhead
209,wIr-9Myre4k,https://marvl-surgery.s3.amazonaws.com/videos/wIr-9Myre4k.mp4,https://www.youtube.com/watch?v=wIr-9Myre4k,448.0,10,237,5,2,3,okay,no,non_overhead
210,sWfWnFk1W70,https://marvl-surgery.s3.amazonaws.com/videos/sWfWnFk1W70.mp4,https://www.youtube.com/watch?v=sWfWnFk1W70,175.0,1,3,1,0,0,good,no,non_overhead
211,2XuCP7jeF7A,https://marvl-surgery.s3.amazonaws.com/videos/2XuCP7jeF7A.mp4,https://www.youtube.com/watch?v=2XuCP7jeF7A,470.0,12,321,4,2,6,bad,no,non_overhead
212,Z4Z03ebdSa8,https://marvl-surgery.s3.amazonaws.com/videos/Z4Z03ebdSa8.mp4,https://www.youtube.com/watch?v=Z4Z03ebdSa8,516.0,4,56,4,0,0,okay,no,non_overhead
213,panFAJHLz_Q,https://marvl-surgery.s3.amazonaws.com/videos/panFAJHLz_Q.mp4,https://www.youtube.com/watch?v=panFAJHLz_Q,960.0,15,229,8,2,5,okay,yes,non_overhead
214,GJ5RwKonnms,https://marvl-surgery.s3.amazonaws.com/videos/GJ5RwKonnms.mp4,https://www.youtube.com/watch?v=GJ5RwKonnms,303.0,8,101,4,0,4,bad,no,non_overhead
215,kHJh0MBx5Kc,https://marvl-surgery.s3.amazonaws.com/videos/kHJh0MBx5Kc.mp4,https://www.youtube.com/watch?v=kHJh0MBx5Kc,2818.0,26,145,24,2,0,bad,yes,non_overhead
216,KlFRPypF1kg,https://marvl-surgery.s3.amazonaws.com/videos/KlFRPypF1kg.mp4,https://www.youtube.com/watch?v=KlFRPypF1kg,1114.0,23,1002,10,7,6,okay,no,non_overhead
217,sZzcnDjeUKg,https://marvl-surgery.s3.amazonaws.com/videos/sZzcnDjeUKg.mp4,https://www.youtube.com/watch?v=sZzcnDjeUKg,671.0,6,74,1,5,0,okay,no,non_overhead
218,LPriMk5xy20,https://marvl-surgery.s3.amazonaws.com/videos/LPriMk5xy20.mp4,https://www.youtube.com/watch?v=LPriMk5xy20,1161.0,92,379,44,17,31,good,no,non_overhead
219,61Le2IPCp6E,https://marvl-surgery.s3.amazonaws.com/videos/61Le2IPCp6E.mp4,https://www.youtube.com/watch?v=61Le2IPCp6E,322.0,13,69,7,3,3,okay,no,non_overhead
220,VL_UNwlWd3c,https://marvl-surgery.s3.amazonaws.com/videos/VL_UNwlWd3c.mp4,https://www.youtube.com/watch?v=VL_UNwlWd3c,522.0,10,228,6,2,2,bad,no,non_overhead
221,pkvyOtGIbV8,https://marvl-surgery.s3.amazonaws.com/videos/pkvyOtGIbV8.mp4,https://www.youtube.com/watch?v=pkvyOtGIbV8,245.0,7,116,6,0,1,good,no,non_overhead
222,Sz57XML7IGA,https://marvl-surgery.s3.amazonaws.com/videos/Sz57XML7IGA.mp4,https://www.youtube.com/watch?v=Sz57XML7IGA,301.0,1,18,1,0,0,okay,no,non_overhead
223,CkKu-f_HknQ,https://marvl-surgery.s3.amazonaws.com/videos/CkKu-f_HknQ.mp4,https://www.youtube.com/watch?v=CkKu-f_HknQ,180.0,3,107,3,0,0,okay,no,non_overhead
224,e12tIDPDfwU,https://marvl-surgery.s3.amazonaws.com/videos/e12tIDPDfwU.mp4,https://www.youtube.com/watch?v=e12tIDPDfwU,345.0,14,110,3,2,9,okay,yes,non_overhead
225,isyztOzq1Uw,https://marvl-surgery.s3.amazonaws.com/videos/isyztOzq1Uw.mp4,https://www.youtube.com/watch?v=isyztOzq1Uw,357.0,6,44,4,0,2,okay,no,non_overhead
226,toE_4MtsqQM,https://marvl-surgery.s3.amazonaws.com/videos/toE_4MtsqQM.mp4,https://www.youtube.com/watch?v=toE_4MtsqQM,164.0,5,53,1,1,3,okay,no,non_overhead
227,XoGw0yrEv4E,https://marvl-surgery.s3.amazonaws.com/videos/XoGw0yrEv4E.mp4,https://www.youtube.com/watch?v=XoGw0yrEv4E,964.0,7,94,1,2,4,bad,yes,non_overhead
228,RDpE1Q9Bkno,https://marvl-surgery.s3.amazonaws.com/videos/RDpE1Q9Bkno.mp4,https://www.youtube.com/watch?v=RDpE1Q9Bkno,0.0,26,142,3,13,10,bad,yes,non_overhead
229,dqVauLWgZ5k,https://marvl-surgery.s3.amazonaws.com/videos/dqVauLWgZ5k.mp4,https://www.youtube.com/watch?v=dqVauLWgZ5k,291.0,6,68,1,2,3,good,no,non_overhead
230,zPP8sy1C6-4,https://marvl-surgery.s3.amazonaws.com/videos/zPP8sy1C6-4.mp4,https://www.youtube.com/watch?v=zPP8sy1C6-4,1097.0,22,327,0,9,13,okay,no,non_overhead
231,_B0S8vqgKT8,https://marvl-surgery.s3.amazonaws.com/videos/_B0S8vqgKT8.mp4,https://www.youtube.com/watch?v=_B0S8vqgKT8,747.0,12,182,2,4,6,okay,no,non_overhead
232,2j-J2IiHLB8,https://marvl-surgery.s3.amazonaws.com/videos/2j-J2IiHLB8.mp4,https://www.youtube.com/watch?v=2j-J2IiHLB8,1353.0,139,1319,127,3,9,okay,no,overhead
233,USL06hfnyKg,https://marvl-surgery.s3.amazonaws.com/videos/USL06hfnyKg.mp4,https://www.youtube.com/watch?v=USL06hfnyKg,141.0,5,49,4,0,1,bad,no,non_overhead
234,Nf5CArskkzM,https://marvl-surgery.s3.amazonaws.com/videos/Nf5CArskkzM.mp4,https://www.youtube.com/watch?v=Nf5CArskkzM,496.0,8,165,5,0,3,okay,no,non_overhead
235,pbkOtT3Q2AM,https://marvl-surgery.s3.amazonaws.com/videos/pbkOtT3Q2AM.mp4,https://www.youtube.com/watch?v=pbkOtT3Q2AM,584.0,20,367,6,6,8,okay,no,non_overhead
236,sHZWvYrerEs,https://marvl-surgery.s3.amazonaws.com/videos/sHZWvYrerEs.mp4,https://www.youtube.com/watch?v=sHZWvYrerEs,2587.0,13,319,9,0,4,okay,no,non_overhead
237,RCU-R4p16SU,https://marvl-surgery.s3.amazonaws.com/videos/RCU-R4p16SU.mp4,https://www.youtube.com/watch?v=RCU-R4p16SU,925.0,80,410,62,7,11,okay,no,non_overhead
238,A42Nt7WsxTE,https://marvl-surgery.s3.amazonaws.com/videos/A42Nt7WsxTE.mp4,https://www.youtube.com/watch?v=A42Nt7WsxTE,620.0,26,134,19,0,7,okay,no,non_overhead
239,CAd_n-qgRSI,https://marvl-surgery.s3.amazonaws.com/videos/CAd_n-qgRSI.mp4,https://www.youtube.com/watch?v=CAd_n-qgRSI,447.0,4,251,4,0,0,bad,yes,non_overhead
240,UDaMvSGMa3w,https://marvl-surgery.s3.amazonaws.com/videos/UDaMvSGMa3w.mp4,https://www.youtube.com/watch?v=UDaMvSGMa3w,135.0,2,32,2,0,0,bad,no,non_overhead
241,ifywgQA-0t8,https://marvl-surgery.s3.amazonaws.com/videos/ifywgQA-0t8.mp4,https://www.youtube.com/watch?v=ifywgQA-0t8,199.0,3,52,3,0,0,okay,no,non_overhead
242,sayim_KU_8c,https://marvl-surgery.s3.amazonaws.com/videos/sayim_KU_8c.mp4,https://www.youtube.com/watch?v=sayim_KU_8c,218.0,1,24,1,0,0,bad,yes,overhead
243,s0z0WYcC7dA,https://marvl-surgery.s3.amazonaws.com/videos/s0z0WYcC7dA.mp4,https://www.youtube.com/watch?v=s0z0WYcC7dA,1009.0,29,280,22,5,2,okay,no,non_overhead
244,8OK-_4Wx3QY,https://marvl-surgery.s3.amazonaws.com/videos/8OK-_4Wx3QY.mp4,https://www.youtube.com/watch?v=8OK-_4Wx3QY,1239.0,52,499,10,23,19,good,yes,non_overhead
245,_5OpGzoHEtM,https://marvl-surgery.s3.amazonaws.com/videos/_5OpGzoHEtM.mp4,https://www.youtube.com/watch?v=_5OpGzoHEtM,504.0,16,80,16,0,0,okay,yes,non_overhead
246,YLz8sAnLDM8,https://marvl-surgery.s3.amazonaws.com/videos/YLz8sAnLDM8.mp4,https://www.youtube.com/watch?v=YLz8sAnLDM8,278.0,10,56,8,2,0,okay,no,non_overhead
247,Nqyq0uaEBOg,https://marvl-surgery.s3.amazonaws.com/videos/Nqyq0uaEBOg.mp4,https://www.youtube.com/watch?v=Nqyq0uaEBOg,178.0,18,109,5,6,7,good,no,non_overhead
248,UyTv72j6Lno,https://marvl-surgery.s3.amazonaws.com/videos/UyTv72j6Lno.mp4,https://www.youtube.com/watch?v=UyTv72j6Lno,475.0,1,5,1,0,0,good,no,non_overhead
249,JT_ec9IVCzI,https://marvl-surgery.s3.amazonaws.com/videos/JT_ec9IVCzI.mp4,https://www.youtube.com/watch?v=JT_ec9IVCzI,54.0,2,14,0,2,0,bad,no,non_overhead
250,dBRV4qa_qxk,https://marvl-surgery.s3.amazonaws.com/videos/dBRV4qa_qxk.mp4,https://www.youtube.com/watch?v=dBRV4qa_qxk,340.0,14,159,7,3,4,bad,no,non_overhead
251,cdYW87IozMA,https://marvl-surgery.s3.amazonaws.com/videos/cdYW87IozMA.mp4,https://www.youtube.com/watch?v=cdYW87IozMA,79.0,1,14,1,0,0,good,no,non_overhead
252,Dqk7k7pnlVM,https://marvl-surgery.s3.amazonaws.com/videos/Dqk7k7pnlVM.mp4,https://www.youtube.com/watch?v=Dqk7k7pnlVM,452.0,10,107,10,0,0,bad,yes,non_overhead
253,ZP58Wx0QaWE,https://marvl-surgery.s3.amazonaws.com/videos/ZP58Wx0QaWE.mp4,https://www.youtube.com/watch?v=ZP58Wx0QaWE,148.0,3,74,3,0,0,bad,yes,non_overhead
254,5NWSWNFboIY,https://marvl-surgery.s3.amazonaws.com/videos/5NWSWNFboIY.mp4,https://www.youtube.com/watch?v=5NWSWNFboIY,374.0,1,151,1,0,0,good,no,overhead
255,XZleSz21hik,https://marvl-surgery.s3.amazonaws.com/videos/XZleSz21hik.mp4,https://www.youtube.com/watch?v=XZleSz21hik,428.0,1,140,1,0,0,good,no,non_overhead
256,vtK1XN4ZaU4,https://marvl-surgery.s3.amazonaws.com/videos/vtK1XN4ZaU4.mp4,https://www.youtube.com/watch?v=vtK1XN4ZaU4,324.0,3,53,1,1,1,bad,no,non_overhead
257,qz_dOdnqAnk,https://marvl-surgery.s3.amazonaws.com/videos/qz_dOdnqAnk.mp4,https://www.youtube.com/watch?v=qz_dOdnqAnk,3389.0,59,308,1,21,37,bad,no,non_overhead
258,LmkAisEsaew,https://marvl-surgery.s3.amazonaws.com/videos/LmkAisEsaew.mp4,https://www.youtube.com/watch?v=LmkAisEsaew,405.0,4,106,1,1,2,okay,yes,non_overhead
259,YXAGt6GtFwE,https://marvl-surgery.s3.amazonaws.com/videos/YXAGt6GtFwE.mp4,https://www.youtube.com/watch?v=YXAGt6GtFwE,444.0,4,94,1,2,1,okay,no,non_overhead
260,UyB951vsUfA,https://marvl-surgery.s3.amazonaws.com/videos/UyB951vsUfA.mp4,https://www.youtube.com/watch?v=UyB951vsUfA,1372.0,18,447,5,7,6,okay,no,non_overhead
261,hSZOq0uqO6s,https://marvl-surgery.s3.amazonaws.com/videos/hSZOq0uqO6s.mp4,https://www.youtube.com/watch?v=hSZOq0uqO6s,363.0,1,34,1,0,0,okay,no,non_overhead
262,DHFI6YnauIM,https://marvl-surgery.s3.amazonaws.com/videos/DHFI6YnauIM.mp4,https://www.youtube.com/watch?v=DHFI6YnauIM,1252.0,29,160,12,1,16,okay,no,non_overhead
263,KHrD5_zwTu8,https://marvl-surgery.s3.amazonaws.com/videos/KHrD5_zwTu8.mp4,https://www.youtube.com/watch?v=KHrD5_zwTu8,1356.0,4,61,1,0,3,good,no,non_overhead
264,tBfZ8UkhAG4,https://marvl-surgery.s3.amazonaws.com/videos/tBfZ8UkhAG4.mp4,https://www.youtube.com/watch?v=tBfZ8UkhAG4,70.0,4,56,0,0,4,good,no,overhead
265,bfZWsulahkQ,https://marvl-surgery.s3.amazonaws.com/videos/bfZWsulahkQ.mp4,https://www.youtube.com/watch?v=bfZWsulahkQ,187.0,10,111,3,3,4,bad,no,non_overhead
266,U_vxJyjmEZ0,https://marvl-surgery.s3.amazonaws.com/videos/U_vxJyjmEZ0.mp4,https://www.youtube.com/watch?v=U_vxJyjmEZ0,189.0,8,91,1,0,7,bad,yes,non_overhead
267,1dki4N24iP8,https://marvl-surgery.s3.amazonaws.com/videos/1dki4N24iP8.mp4,https://www.youtube.com/watch?v=1dki4N24iP8,695.0,8,640,8,0,0,okay,yes,non_overhead
268,VvTrKCFtZhA,https://marvl-surgery.s3.amazonaws.com/videos/VvTrKCFtZhA.mp4,https://www.youtube.com/watch?v=VvTrKCFtZhA,653.0,70,351,26,22,22,good,no,non_overhead
269,PsYnEXGxf-M,https://marvl-surgery.s3.amazonaws.com/videos/PsYnEXGxf-M.mp4,https://www.youtube.com/watch?v=PsYnEXGxf-M,867.0,17,368,17,0,0,bad,no,non_overhead
270,BdLSt0VARKU,https://marvl-surgery.s3.amazonaws.com/videos/BdLSt0VARKU.mp4,https://www.youtube.com/watch?v=BdLSt0VARKU,64.0,2,25,2,0,0,okay,no,non_overhead
271,aSnUUpTgYW0,https://marvl-surgery.s3.amazonaws.com/videos/aSnUUpTgYW0.mp4,https://www.youtube.com/watch?v=aSnUUpTgYW0,0.0,5,212,2,1,2,okay,no,non_overhead
272,Nqs73GAXAxs,https://marvl-surgery.s3.amazonaws.com/videos/Nqs73GAXAxs.mp4,https://www.youtube.com/watch?v=Nqs73GAXAxs,756.0,37,221,1,21,15,good,no,non_overhead
273,Xg6vD3vngLQ,https://marvl-surgery.s3.amazonaws.com/videos/Xg6vD3vngLQ.mp4,https://www.youtube.com/watch?v=Xg6vD3vngLQ,123.0,2,83,2,0,0,bad,no,overhead
274,ou4iO5ah9ys,https://marvl-surgery.s3.amazonaws.com/videos/ou4iO5ah9ys.mp4,https://www.youtube.com/watch?v=ou4iO5ah9ys,333.0,2,17,2,0,0,good,yes,non_overhead
275,hGZez6oxS9E,https://marvl-surgery.s3.amazonaws.com/videos/hGZez6oxS9E.mp4,https://www.youtube.com/watch?v=hGZez6oxS9E,1332.0,16,466,4,5,7,okay,no,non_overhead
276,G3fOG8CcKEw,https://marvl-surgery.s3.amazonaws.com/videos/G3fOG8CcKEw.mp4,https://www.youtube.com/watch?v=G3fOG8CcKEw,109.0,3,45,3,0,0,good,no,non_overhead
277,ekzZ9azx4N4,https://marvl-surgery.s3.amazonaws.com/videos/ekzZ9azx4N4.mp4,https://www.youtube.com/watch?v=ekzZ9azx4N4,198.0,2,90,2,0,0,okay,no,non_overhead
278,1gKMtSA6VCY,https://marvl-surgery.s3.amazonaws.com/videos/1gKMtSA6VCY.mp4,https://www.youtube.com/watch?v=1gKMtSA6VCY,664.0,1,555,1,0,0,okay,no,non_overhead
279,iI09BTuD3xU,https://marvl-surgery.s3.amazonaws.com/videos/iI09BTuD3xU.mp4,https://www.youtube.com/watch?v=iI09BTuD3xU,643.0,7,115,7,0,0,okay,no,non_overhead
280,EgVI5o-fS6o,https://marvl-surgery.s3.amazonaws.com/videos/EgVI5o-fS6o.mp4,https://www.youtube.com/watch?v=EgVI5o-fS6o,0.0,1,54,1,0,0,good,no,non_overhead
281,ycYdlwoKtEw,https://marvl-surgery.s3.amazonaws.com/videos/ycYdlwoKtEw.mp4,https://www.youtube.com/watch?v=ycYdlwoKtEw,102.0,2,18,0,1,1,okay,no,non_overhead
282,7Ku5P3nL8TA,https://marvl-surgery.s3.amazonaws.com/videos/7Ku5P3nL8TA.mp4,https://www.youtube.com/watch?v=7Ku5P3nL8TA,301.0,2,192,2,0,0,good,no,non_overhead
283,LVMCtRCJibI,https://marvl-surgery.s3.amazonaws.com/videos/LVMCtRCJibI.mp4,https://www.youtube.com/watch?v=LVMCtRCJibI,724.0,16,137,7,0,9,good,no,non_overhead
284,iUwBjZUs_xo,https://marvl-surgery.s3.amazonaws.com/videos/iUwBjZUs_xo.mp4,https://www.youtube.com/watch?v=iUwBjZUs_xo,487.0,14,350,14,0,0,good,no,non_overhead
285,VyN4c_wsZuY,https://marvl-surgery.s3.amazonaws.com/videos/VyN4c_wsZuY.mp4,https://www.youtube.com/watch?v=VyN4c_wsZuY,301.0,4,80,4,0,0,okay,no,non_overhead
286,L8k75Onag_o,https://marvl-surgery.s3.amazonaws.com/videos/L8k75Onag_o.mp4,https://www.youtube.com/watch?v=L8k75Onag_o,1097.0,6,173,3,0,3,good,no,non_overhead
287,KUKObgS39yA,https://marvl-surgery.s3.amazonaws.com/videos/KUKObgS39yA.mp4,https://www.youtube.com/watch?v=KUKObgS39yA,964.0,24,449,19,3,2,okay,no,non_overhead
288,tnXv-7fulTY,https://marvl-surgery.s3.amazonaws.com/videos/tnXv-7fulTY.mp4,https://www.youtube.com/watch?v=tnXv-7fulTY,172.0,2,51,2,0,0,bad,no,non_overhead
289,1YvFWU90eaE,https://marvl-surgery.s3.amazonaws.com/videos/1YvFWU90eaE.mp4,https://www.youtube.com/watch?v=1YvFWU90eaE,356.0,47,245,47,0,0,bad,no,non_overhead
290,sWxGr_rj7rM,https://marvl-surgery.s3.amazonaws.com/videos/sWxGr_rj7rM.mp4,https://www.youtube.com/watch?v=sWxGr_rj7rM,596.0,11,202,4,1,6,bad,yes,non_overhead
291,8eFljZ449SY,https://marvl-surgery.s3.amazonaws.com/videos/8eFljZ449SY.mp4,https://www.youtube.com/watch?v=8eFljZ449SY,407.0,38,272,9,1,28,good,no,non_overhead
292,2ekkzoZ_uns,https://marvl-surgery.s3.amazonaws.com/videos/2ekkzoZ_uns.mp4,https://www.youtube.com/watch?v=2ekkzoZ_uns,636.0,12,56,4,3,5,bad,no,non_overhead
293,SRQb7RGQ52M,https://marvl-surgery.s3.amazonaws.com/videos/SRQb7RGQ52M.mp4,https://www.youtube.com/watch?v=SRQb7RGQ52M,265.0,2,63,2,0,0,good,no,non_overhead
294,n6XWCpbmHtw,https://marvl-surgery.s3.amazonaws.com/videos/n6XWCpbmHtw.mp4,https://www.youtube.com/watch?v=n6XWCpbmHtw,247.0,2,4,2,0,0,okay,yes,non_overhead
295,wIVcst7zrig,https://marvl-surgery.s3.amazonaws.com/videos/wIVcst7zrig.mp4,https://www.youtube.com/watch?v=wIVcst7zrig,461.0,8,45,5,0,3,bad,no,overhead
296,OZ9FXumhwFM,https://marvl-surgery.s3.amazonaws.com/videos/OZ9FXumhwFM.mp4,https://www.youtube.com/watch?v=OZ9FXumhwFM,330.0,7,255,7,0,0,bad,no,non_overhead
297,bM0gMFbQJ-E,https://marvl-surgery.s3.amazonaws.com/videos/bM0gMFbQJ-E.mp4,https://www.youtube.com/watch?v=bM0gMFbQJ-E,0.0,28,350,2,15,11,good,no,non_overhead
298,aqPrL_RJPC4,https://marvl-surgery.s3.amazonaws.com/videos/aqPrL_RJPC4.mp4,https://www.youtube.com/watch?v=aqPrL_RJPC4,542.0,16,181,11,0,5,good,no,non_overhead
299,3Q5D4vdXOqc,https://marvl-surgery.s3.amazonaws.com/videos/3Q5D4vdXOqc.mp4,https://www.youtube.com/watch?v=3Q5D4vdXOqc,689.0,9,100,4,0,5,okay,yes,non_overhead
300,7RljEDWk4ZU,https://marvl-surgery.s3.amazonaws.com/videos/7RljEDWk4ZU.mp4,https://www.youtube.com/watch?v=7RljEDWk4ZU,325.0,5,54,4,0,1,good,yes,overhead
301,onVsHOnSypQ,https://marvl-surgery.s3.amazonaws.com/videos/onVsHOnSypQ.mp4,https://www.youtube.com/watch?v=onVsHOnSypQ,410.0,9,263,1,3,5,bad,no,non_overhead
302,V6pL0fMsVn0,https://marvl-surgery.s3.amazonaws.com/videos/V6pL0fMsVn0.mp4,https://www.youtube.com/watch?v=V6pL0fMsVn0,600.0,7,134,4,0,3,good,no,overhead
303,mMmYtpUschc,https://marvl-surgery.s3.amazonaws.com/videos/mMmYtpUschc.mp4,https://www.youtube.com/watch?v=mMmYtpUschc,392.0,1,40,1,0,0,bad,no,non_overhead
304,GG7IByPZKec,https://marvl-surgery.s3.amazonaws.com/videos/GG7IByPZKec.mp4,https://www.youtube.com/watch?v=GG7IByPZKec,312.0,6,67,1,2,3,okay,no,non_overhead
305,CfFrwiwgniU,https://marvl-surgery.s3.amazonaws.com/videos/CfFrwiwgniU.mp4,https://www.youtube.com/watch?v=CfFrwiwgniU,474.0,16,106,7,3,6,okay,yes,non_overhead
306,Cczsz7JrUGU,https://marvl-surgery.s3.amazonaws.com/videos/Cczsz7JrUGU.mp4,https://www.youtube.com/watch?v=Cczsz7JrUGU,566.0,219,711,219,0,0,good,yes,non_overhead
307,7YXOJzIrKFM,https://marvl-surgery.s3.amazonaws.com/videos/7YXOJzIrKFM.mp4,https://www.youtube.com/watch?v=7YXOJzIrKFM,502.0,4,152,4,0,0,bad,yes,non_overhead
308,uVvBlWpwopw,https://marvl-surgery.s3.amazonaws.com/videos/uVvBlWpwopw.mp4,https://www.youtube.com/watch?v=uVvBlWpwopw,165.0,21,108,21,0,0,bad,no,non_overhead
309,0VMxXsqmxYg,https://marvl-surgery.s3.amazonaws.com/videos/0VMxXsqmxYg.mp4,https://www.youtube.com/watch?v=0VMxXsqmxYg,92.0,2,37,2,0,0,okay,no,non_overhead
310,1AwmGrnk-Qs,https://marvl-surgery.s3.amazonaws.com/videos/1AwmGrnk-Qs.mp4,https://www.youtube.com/watch?v=1AwmGrnk-Qs,513.0,5,132,5,0,0,,,
311,unQH_a-Rm-I,https://marvl-surgery.s3.amazonaws.com/videos/unQH_a-Rm-I.mp4,https://www.youtube.com/watch?v=unQH_a-Rm-I,220.0,2,31,1,1,0,bad,no,non_overhead
312,8bhWGpkmWp8,https://marvl-surgery.s3.amazonaws.com/videos/8bhWGpkmWp8.mp4,https://www.youtube.com/watch?v=8bhWGpkmWp8,206.0,5,100,5,0,0,bad,no,non_overhead
313,QjYdLDYs4JI,https://marvl-surgery.s3.amazonaws.com/videos/QjYdLDYs4JI.mp4,https://www.youtube.com/watch?v=QjYdLDYs4JI,567.0,60,310,56,0,4,good,no,overhead
314,pwWamkMfIR0,https://marvl-surgery.s3.amazonaws.com/videos/pwWamkMfIR0.mp4,https://www.youtube.com/watch?v=pwWamkMfIR0,465.0,14,291,4,0,10,good,no,overhead
315,AE2FLFsmoeA,https://marvl-surgery.s3.amazonaws.com/videos/AE2FLFsmoeA.mp4,https://www.youtube.com/watch?v=AE2FLFsmoeA,1094.0,24,707,24,0,0,good,no,non_overhead
316,8CKX0j-OBl8,https://marvl-surgery.s3.amazonaws.com/videos/8CKX0j-OBl8.mp4,https://www.youtube.com/watch?v=8CKX0j-OBl8,1335.0,30,159,21,3,6,good,no,non_overhead
317,PzaCNn8IIVw,https://marvl-surgery.s3.amazonaws.com/videos/PzaCNn8IIVw.mp4,https://www.youtube.com/watch?v=PzaCNn8IIVw,141.0,2,91,1,0,1,bad,no,non_overhead
318,ATEuI_Y69CI,https://marvl-surgery.s3.amazonaws.com/videos/ATEuI_Y69CI.mp4,https://www.youtube.com/watch?v=ATEuI_Y69CI,291.0,3,22,3,0,0,bad,no,non_overhead
319,VFyJ65hEF3k,https://marvl-surgery.s3.amazonaws.com/videos/VFyJ65hEF3k.mp4,https://www.youtube.com/watch?v=VFyJ65hEF3k,220.0,8,31,3,5,0,bad,no,non_overhead
320,sFZchKZ10bc,https://marvl-surgery.s3.amazonaws.com/videos/sFZchKZ10bc.mp4,https://www.youtube.com/watch?v=sFZchKZ10bc,370.0,23,145,9,4,10,okay,yes,non_overhead
321,_lCgV4ZgAao,https://marvl-surgery.s3.amazonaws.com/videos/_lCgV4ZgAao.mp4,https://www.youtube.com/watch?v=_lCgV4ZgAao,831.0,16,464,5,0,11,okay,no,non_overhead
322,0EeZIRDKYO4,https://marvl-surgery.s3.amazonaws.com/videos/0EeZIRDKYO4.mp4,https://www.youtube.com/watch?v=0EeZIRDKYO4,139.0,2,37,2,0,0,bad,no,non_overhead
323,JUTyS7ZRRkQ,https://marvl-surgery.s3.amazonaws.com/videos/JUTyS7ZRRkQ.mp4,https://www.youtube.com/watch?v=JUTyS7ZRRkQ,707.0,12,162,0,0,12,good,no,non_overhead
324,OrK0k3sBOHY,https://marvl-surgery.s3.amazonaws.com/videos/OrK0k3sBOHY.mp4,https://www.youtube.com/watch?v=OrK0k3sBOHY,375.0,2,170,2,0,0,good,no,non_overhead
325,T03GIXho9mY,https://marvl-surgery.s3.amazonaws.com/videos/T03GIXho9mY.mp4,https://www.youtube.com/watch?v=T03GIXho9mY,282.0,7,175,5,0,2,okay,yes,non_overhead
326,4uwsmL5TwGI,https://marvl-surgery.s3.amazonaws.com/videos/4uwsmL5TwGI.mp4,https://www.youtube.com/watch?v=4uwsmL5TwGI,985.0,5,73,1,1,3,okay,no,non_overhead
327,sL5tVxz89i4,https://marvl-surgery.s3.amazonaws.com/videos/sL5tVxz89i4.mp4,https://www.youtube.com/watch?v=sL5tVxz89i4,1504.0,6,274,6,0,0,bad,no,non_overhead
328,jkIGODwL228,https://marvl-surgery.s3.amazonaws.com/videos/jkIGODwL228.mp4,https://www.youtube.com/watch?v=jkIGODwL228,353.0,7,54,0,0,7,okay,no,non_overhead
329,Kvpfsw4yCrM,https://marvl-surgery.s3.amazonaws.com/videos/Kvpfsw4yCrM.mp4,https://www.youtube.com/watch?v=Kvpfsw4yCrM,546.0,5,28,1,4,0,okay,no,non_overhead
330,3Ql0fGVrQeA,https://marvl-surgery.s3.amazonaws.com/videos/3Ql0fGVrQeA.mp4,https://www.youtube.com/watch?v=3Ql0fGVrQeA,339.0,6,93,3,1,2,bad,yes,non_overhead
331,LbqKFbnZvE4,https://marvl-surgery.s3.amazonaws.com/videos/LbqKFbnZvE4.mp4,https://www.youtube.com/watch?v=LbqKFbnZvE4,977.0,8,371,4,0,4,good,no,overhead
332,GT-FLlE95KU,https://marvl-surgery.s3.amazonaws.com/videos/GT-FLlE95KU.mp4,https://www.youtube.com/watch?v=GT-FLlE95KU,1326.0,8,275,1,1,6,good,no,non_overhead
333,d4-VN5A6_Ac,https://marvl-surgery.s3.amazonaws.com/videos/d4-VN5A6_Ac.mp4,https://www.youtube.com/watch?v=d4-VN5A6_Ac,247.0,8,60,4,1,3,good,no,non_overhead
